<?xml version="1.0" encoding="UTF-8"?>
<!DOCTYPE mapper
  PUBLIC "-//mybatis.org//DTD Mapper 3.0//EN"
  "https://mybatis.org/dtd/mybatis-3-mapper.dtd">
<mapper namespace="com.voda.mapper.SecessionMapper">
<!-- 탈퇴대기 회원 리스트 --> 
    <select id="selectAllMember" resultType="secession">
		select * from secession_table   
	</select>	
<select id="selectMemberCount" resultType="int">
		select count(*) from secession_table
	</select>
<select id="selectMemberList" resultType="secession" parameterType="hashMap">
        SELECT * FROM MEMBER_SECESSION_VIEW WHERE ceil(rw / #{contentCount}) = #{pageNo}
    </select> 
	<select id="selectSecessionSno" resultType="int">
			 select secession_sno_seq.nextval from dual
	</select>
	<insert id="goSecession" parameterType="secession">
      insert into secession_table
       (sno,sdate,reason,id) 
      values(#{sno}, sysdate, #{reason}, #{id})
	</insert>
  
	<select id="selectSecessionId" resultType="secession">
        select * from secession_table where id = #{id}
    </select>

</mapper>